{"_wandb": {"runtime": 1}, "global_step": 0, "_timestamp": 1698137663.3008971, "_runtime": 0.8014352321624756, "_step": 0}