{"global_step": 1765, "_timestamp": 1698653981.246356, "_runtime": 160.42644000053406, "_step": 353, "charts/learning_rate": 0.0003000000142492354, "losses/value_loss": 0.5044432878494263, "losses/policy_loss": -0.04169951379299164, "losses/entropy": 2.7996182441711426, "losses/approx_kl": 1.1422420740127563, "losses/clipfrac": 0.6952050924301147, "losses/explained_variance": 0.1322517991065979, "charts/SPS": 11.0, "_wandb": {"runtime": 160}}