{"_wandb": {"runtime": 1}, "global_step": 0, "_timestamp": 1698137786.9863958, "_runtime": 1.0216429233551025, "_step": 0}