{"_wandb": {"runtime": 0}, "global_step": 0, "_timestamp": 1698149357.476543, "_runtime": 0.8570680618286133, "_step": 0}