{"_wandb": {"runtime": 0}, "global_step": 0, "_timestamp": 1698138764.900447, "_runtime": 0.881335973739624, "_step": 0}