{"_wandb": {"runtime": 1}, "global_step": 0, "_timestamp": 1698137549.0099468, "_runtime": 0.8290488719940186, "_step": 0}