{"global_step": 4990, "_timestamp": 1698142017.131823, "_runtime": 408.1886930465698, "_step": 998, "charts/learning_rate": 0.0003000000142492354, "losses/value_loss": 0.14335672557353973, "losses/policy_loss": -0.05960436910390854, "losses/entropy": 0.3175239562988281, "losses/approx_kl": 0.07092117518186569, "losses/clipfrac": 0.585693359375, "losses/explained_variance": 0.6816678047180176, "charts/SPS": 12.0, "_wandb": {"runtime": 409}}