{"global_step": 10240, "_timestamp": 1698655558.213832, "_runtime": 1099.5058579444885, "_step": 2050, "charts/learning_rate": 0.0003000000142492354, "losses/value_loss": 0.21414589881896973, "losses/policy_loss": -0.12282770872116089, "losses/entropy": 2.42801833152771, "losses/approx_kl": 2.1760120391845703, "losses/clipfrac": 0.958544909954071, "losses/explained_variance": 0.06264746189117432, "charts/SPS": 9.0, "videos": {"_type": "video-file", "sha256": "79b561c8abfb78f7f4219567c0eeb23b9bcc6bf54fe2496ff34f45708b3aee29", "size": 2763630, "path": "media/videos/videos_1_79b561c8abfb78f7f421.mp4"}, "_wandb": {"runtime": 1096}}