{"_wandb": {"runtime": 1}, "global_step": 0, "_timestamp": 1698137871.975242, "_runtime": 1.0070569515228271, "_step": 0}