{"global_step": 190, "_timestamp": 1698654423.669913, "_runtime": 20.198323965072632, "_step": 38, "charts/learning_rate": 0.0003000000142492354, "losses/value_loss": 0.032429274171590805, "losses/policy_loss": 0.016828861087560654, "losses/entropy": 8.096014976501465, "losses/approx_kl": 4.150173664093018, "losses/clipfrac": 0.9991210699081421, "losses/explained_variance": -0.013958454132080078, "charts/SPS": 9.0, "_wandb": {"runtime": 20}}