{"global_step": 135, "_timestamp": 1698138048.8147469, "_runtime": 12.865113973617554, "_step": 27, "charts/learning_rate": 0.0003000000142492354, "losses/value_loss": 0.010097621008753777, "losses/policy_loss": 0.010445324704051018, "losses/entropy": 0.31075039505958557, "losses/approx_kl": 0.01787470653653145, "losses/clipfrac": 0.8531640768051147, "losses/explained_variance": -0.01793527603149414, "charts/SPS": 11.0, "_wandb": {"runtime": 12}}