{"_wandb": {"runtime": 0}, "global_step": 0, "_timestamp": 1698136519.232818, "_runtime": 0.8681998252868652, "_step": 0}