{"_wandb": {"runtime": 1}, "global_step": 0, "_timestamp": 1698137828.613763, "_runtime": 4.173920154571533, "_step": 0}