{"_wandb": {"runtime": 0}, "global_step": 0, "_timestamp": 1698136212.141212, "_runtime": 0.8571219444274902, "_step": 0}