{"_wandb": {"runtime": 0}, "global_step": 0, "_timestamp": 1698654035.3741708, "_runtime": 0.8787758350372314, "_step": 0}