{"_wandb": {"runtime": 4}, "global_step": 0, "_timestamp": 1698149404.3598988, "_runtime": 0.929041862487793, "_step": 0}