{"_wandb": {"runtime": 0}, "global_step": 0, "_timestamp": 1698149461.0337431, "_runtime": 1.0266690254211426, "_step": 0}