{"global_step": 10240, "_timestamp": 1698152094.074783, "_runtime": 1112.1321430206299, "_step": 2050, "charts/learning_rate": 0.0003000000142492354, "losses/value_loss": 0.22824689745903015, "losses/policy_loss": -0.12464070320129395, "losses/entropy": 2.321216106414795, "losses/approx_kl": 1.113243579864502, "losses/clipfrac": 0.7145702838897705, "losses/explained_variance": -0.17840397357940674, "charts/SPS": 9.0, "videos": {"_type": "video-file", "sha256": "edad141426b99eb9b15b03df0aa4c23e059aedf143e15fc17288a9aaaefcbee0", "size": 3211492, "path": "media/videos/videos_1_edad141426b99eb9b15b.mp4"}, "_wandb": {"runtime": 1111}}