{"_wandb": {"runtime": 0}, "global_step": 0, "_timestamp": 1698136651.4980302, "_runtime": 0.9123592376708984, "_step": 0}