{"_wandb": {"runtime": 11}, "global_step": 0, "_timestamp": 1698136597.4269671, "_runtime": 0.8957931995391846, "_step": 0}