{"_wandb": {"runtime": 0}, "global_step": 0, "_timestamp": 1698136401.916301, "_runtime": 0.8753840923309326, "_step": 0}