{"global_step": 4995, "_timestamp": 1698149992.636481, "_runtime": 493.001384973526, "_step": 999, "charts/learning_rate": 0.0003000000142492354, "losses/value_loss": 0.21221546828746796, "losses/policy_loss": 0.02344880998134613, "losses/entropy": 6.141262054443359, "losses/approx_kl": 1.875610589981079, "losses/clipfrac": 0.9605664014816284, "losses/explained_variance": 0.06915551424026489, "charts/SPS": 10.0, "_wandb": {"runtime": 494}}