{"global_step": 465, "_timestamp": 1698654286.1759481, "_runtime": 43.08625602722168, "_step": 93, "charts/learning_rate": 0.0003000000142492354, "losses/value_loss": 0.02163255400955677, "losses/policy_loss": 0.08729530870914459, "losses/entropy": 6.437119483947754, "losses/approx_kl": 3.171173095703125, "losses/clipfrac": 0.9987207055091858, "losses/explained_variance": 0.05134856700897217, "charts/SPS": 11.0, "_wandb": {"runtime": 42}}