{"_wandb": {"runtime": 1}, "global_step": 0, "_timestamp": 1698137392.409626, "_runtime": 0.8812360763549805, "_step": 0}