{"_wandb": {"runtime": 0}, "global_step": 0, "_timestamp": 1698136831.269115, "_runtime": 1.0724270343780518, "_step": 0}