{"global_step": 375, "_timestamp": 1698654234.259982, "_runtime": 36.7577919960022, "_step": 75, "charts/learning_rate": 0.0003000000142492354, "losses/value_loss": 0.0699162632226944, "losses/policy_loss": -0.00874949712306261, "losses/entropy": 7.588942527770996, "losses/approx_kl": 3.82368540763855, "losses/clipfrac": 0.998046875, "losses/explained_variance": -0.020367026329040527, "charts/SPS": 10.0, "_wandb": {"runtime": 36}}