{"_wandb": {"runtime": 0}, "global_step": 0, "_timestamp": 1698149301.733726, "_runtime": 0.8936169147491455, "_step": 0}