{"_wandb": {"runtime": 0}, "global_step": 0, "_timestamp": 1698136751.653499, "_runtime": 1.2212669849395752, "_step": 0}