{"_wandb": {"runtime": 0}, "global_step": 0, "_timestamp": 1698136502.021777, "_runtime": 0.8347229957580566, "_step": 0}