{"global_step": 710, "_timestamp": 1698142208.641719, "_runtime": 58.896198987960815, "_step": 142, "charts/learning_rate": 0.0003000000142492354, "losses/value_loss": 0.04818937927484512, "losses/policy_loss": -0.04201648756861687, "losses/entropy": 0.31427812576293945, "losses/approx_kl": 0.017423179000616074, "losses/clipfrac": 0.8113476634025574, "losses/explained_variance": 0.22643578052520752, "charts/SPS": 12.0, "_wandb": {"runtime": 58}}