{"global_step": 4995, "_timestamp": 1698150771.8437939, "_runtime": 553.260586977005, "_step": 999, "charts/learning_rate": 0.0003000000142492354, "losses/value_loss": 0.17270831763744354, "losses/policy_loss": -0.10917695611715317, "losses/entropy": 2.6513426303863525, "losses/approx_kl": 1.4294096231460571, "losses/clipfrac": 0.941650390625, "losses/explained_variance": 0.023886024951934814, "charts/SPS": 9.0, "_wandb": {"runtime": 552}}