{"_wandb": {"runtime": 0}, "global_step": 0, "_timestamp": 1698136442.992755, "_runtime": 0.9843869209289551, "_step": 0}