{"_wandb": {"runtime": 0}, "global_step": 0, "_timestamp": 1698654180.065568, "_runtime": 1.0464808940887451, "_step": 0}