{"_wandb": {"runtime": 9}, "global_step": 95, "_timestamp": 1698654154.772, "_runtime": 9.970731019973755, "_step": 19, "charts/learning_rate": 0.0003000000142492354, "losses/value_loss": 0.00030835840152576566, "losses/policy_loss": -0.006495192646980286, "losses/entropy": 8.474654197692871, "losses/approx_kl": 4.529476642608643, "losses/clipfrac": 0.9996777176856995, "losses/explained_variance": -0.03511977195739746, "charts/SPS": 10.0}