{"global_step": 2180, "_timestamp": 1698138241.274357, "_runtime": 182.92538905143738, "_step": 436, "charts/learning_rate": 0.0003000000142492354, "losses/value_loss": 0.22063617408275604, "losses/policy_loss": -0.05535028502345085, "losses/entropy": 0.3171563148498535, "losses/approx_kl": 0.06025810167193413, "losses/clipfrac": 0.7568359375, "losses/explained_variance": 0.5210328102111816, "charts/SPS": 11.0, "_wandb": {"runtime": 188}}