{"_wandb": {"runtime": 0}, "global_step": 0, "_timestamp": 1698654323.048666, "_runtime": 0.977729082107544, "_step": 0}