{"_wandb": {"runtime": 0}, "global_step": 0, "_timestamp": 1698136472.254347, "_runtime": 0.9719870090484619, "_step": 0}