{"_wandb": {"runtime": 0}, "global_step": 0, "_timestamp": 1698136803.264087, "_runtime": 1.0031840801239014, "_step": 0}