{"_wandb": {"runtime": 0}, "global_step": 0, "_timestamp": 1698136364.232689, "_runtime": 0.8557260036468506, "_step": 0}