{"_wandb": {"runtime": 0}, "global_step": 0, "_timestamp": 1698136344.788277, "_runtime": 0.8760008811950684, "_step": 0}