{"_wandb": {"runtime": 0}, "global_step": 0, "_timestamp": 1698136988.6144261, "_runtime": 2.147454023361206, "_step": 0}