{"_wandb": {"runtime": 0}, "global_step": 0, "_timestamp": 1698654437.001516, "_runtime": 0.8818130493164062, "_step": 0}