{"_wandb": {"runtime": 6}, "global_step": 30, "_timestamp": 1698655734.369112, "_runtime": 7.11411190032959, "_step": 6, "charts/learning_rate": 0.0003000000142492354, "losses/value_loss": 0.022217875346541405, "losses/policy_loss": -0.021898526698350906, "losses/entropy": 8.284117698669434, "losses/approx_kl": 4.4661688804626465, "losses/clipfrac": 0.9999316334724426, "losses/explained_variance": -0.036562323570251465, "charts/SPS": 5.0}