{"_wandb": {"runtime": 3}, "global_step": 25, "_timestamp": 1698138015.2656782, "_runtime": 3.5398671627044678, "_step": 5, "charts/learning_rate": 0.0003000000142492354, "losses/value_loss": 9.433289233129472e-05, "losses/policy_loss": 0.02313636615872383, "losses/entropy": 1.0425679683685303, "losses/approx_kl": 0.1238587349653244, "losses/clipfrac": 0.998828113079071, "losses/explained_variance": -0.000457763671875, "charts/SPS": 9.0}