{"_wandb": {"runtime": 0}, "global_step": 0, "_timestamp": 1698654382.206723, "_runtime": 0.8880929946899414, "_step": 0}