{"_wandb": {"runtime": 0}, "global_step": 0, "_timestamp": 1698149333.07587, "_runtime": 0.8266870975494385, "_step": 0}