{"_wandb": {"runtime": 0}, "global_step": 0, "_timestamp": 1698137577.826997, "_runtime": 0.8448820114135742, "_step": 0}