{"_wandb": {"runtime": 1}, "global_step": 0, "_timestamp": 1698141560.1365042, "_runtime": 0.9257152080535889, "_step": 0}