{"_wandb": {"runtime": 1}, "global_step": 0, "_timestamp": 1698137891.7767072, "_runtime": 1.004230260848999, "_step": 0}