{"_wandb": {"runtime": 0}, "global_step": 0, "_timestamp": 1698137977.102936, "_runtime": 0.8324499130249023, "_step": 0}