{"_wandb": {"runtime": 0}, "global_step": 0, "_timestamp": 1698136711.07263, "_runtime": 0.9196069240570068, "_step": 0}