{"_wandb": {"runtime": 0}, "global_step": 0, "_timestamp": 1698136728.922368, "_runtime": 0.9811351299285889, "_step": 0}